complex.id	Gene	CDR3	V	J	Species	MHC A	MHC B	MHC class	Epitope	Epitope gene	Epitope species	Reference	Method	Meta	CDR3fix	Score
1059	TRB	CASSIRSAYEQYF	TRBV19*01	TRBJ2-7*01	HomoSapiens	HLA-A*02	B2M	MHCI	GILGFVFTL	M	InfluenzaA	PMID:28423320	{"frequency": "1/3", "identification": "antigen-loaded-targets,dextramer-sort", "sequencing": "amplicon-seq", "singlecell": "yes", "verification": ""}	{"cell.subset": "CD8+", "clone.id": "", "donor.MHC": "", "donor.MHC.method": "", "epitope.id": "20354", "replica.id": "day0", "samples.found": 2, "structure.id": "", "studies.found": 1, "study.id": "", "subject.cohort": "", "subject.id": "ND3", "tissue": "PBMC"}	{"cdr3": "CASSIRSAYEQYF", "cdr3_old": "CASSIRSAYEQYF", "fixNeeded": false, "good": true, "jCanonical": true, "jFixType": "NoFixNeeded", "jId": "TRBJ2-7*01", "jStart": 8, "vCanonical": true, "vEnd": 5, "vFixType": "NoFixNeeded", "vId": "TRBV19*01"}	1
1060	TRB	CASSTYSQDTQYF	TRBV19*01	TRBJ2-3*01	HomoSapiens	HLA-A*02	B2M	MHCI	GILGFVFTL	M	InfluenzaA	PMID:28423320	{"frequency": "2/3", "identification": "antigen-loaded-targets,dextramer-sort", "sequencing": "amplicon-seq", "singlecell": "yes", "verification": ""}	{"cell.subset": "CD8+", "clone.id": "", "donor.MHC": "", "donor.MHC.method": "", "epitope.id": "20354", "replica.id": "day0", "samples.found": 3, "structure.id": "", "studies.found": 1, "study.id": "", "subject.cohort": "", "subject.id": "ND3", "tissue": "PBMC"}	{"cdr3": "CASSTYSQDTQYF", "cdr3_old": "CASSTYSQDTQYF", "fixNeeded": false, "good": true, "jCanonical": true, "jFixType": "NoFixNeeded", "jId": "TRBJ2-3*01", "jStart": 8, "vCanonical": true, "vEnd": 4, "vFixType": "NoFixNeeded", "vId": "TRBV19*01"}	1
1061	TRB	CASSIRSSYEQYF	TRBV19*01	TRBJ2-7*01	HomoSapiens	HLA-A*02	B2M	MHCI	GILGFVFTL	M	InfluenzaA	PMID:28423320	{"frequency": "1/14", "identification": "antigen-loaded-targets,dextramer-sort", "sequencing": "amplicon-seq", "singlecell": "yes", "verification": "direct"}	{"cell.subset": "CD8+", "clone.id": "", "donor.MHC": "", "donor.MHC.method": "", "epitope.id": "20354", "replica.id": "day14", "samples.found": 1, "structure.id": "", "studies.found": 1, "study.id": "", "subject.cohort": "", "subject.id": "ND3", "tissue": "PBMC"}	{"cdr3": "CASSIRSSYEQYF", "cdr3_old": "CASSIRSSYEQYF", "fixNeeded": false, "good": true, "jCanonical": true, "jFixType": "NoFixNeeded", "jId": "TRBJ2-7*01", "jStart": 7, "vCanonical": true, "vEnd": 5, "vFixType": "NoFixNeeded", "vId": "TRBV19*01"}	3
1062	TRB	CASSTFGANVLTF	TRBV19*01	TRBJ2-6*01	HomoSapiens	HLA-A*02	B2M	MHCI	GILGFVFTL	M	InfluenzaA	PMID:28423320	{"frequency": "3/14", "identification": "antigen-loaded-targets,dextramer-sort", "sequencing": "amplicon-seq", "singlecell": "yes", "verification": ""}	{"cell.subset": "CD8+", "clone.id": "", "donor.MHC": "", "donor.MHC.method": "", "epitope.id": "20354", "replica.id": "day14", "samples.found": 1, "structure.id": "", "studies.found": 1, "study.id": "", "subject.cohort": "", "subject.id": "ND3", "tissue": "PBMC"}	{"cdr3": "CASSTFGANVLTF", "cdr3_old": "CASSTFGANVLTF", "fixNeeded": false, "good": true, "jCanonical": true, "jFixType": "NoFixNeeded", "jId": "TRBJ2-6*01", "jStart": 6, "vCanonical": true, "vEnd": 4, "vFixType": "NoFixNeeded", "vId": "TRBV19*01"}	1
1063	TRB	CASSQGAYGYTF	TRBV19*01	TRBJ1-2*01	HomoSapiens	HLA-A*02	B2M	MHCI	GILGFVFTL	M	InfluenzaA	PMID:28423320	{"frequency": "1/14", "identification": "antigen-loaded-targets,dextramer-sort", "sequencing": "amplicon-seq", "singlecell": "yes", "verification": ""}	{"cell.subset": "CD8+", "clone.id": "", "donor.MHC": "", "donor.MHC.method": "", "epitope.id": "20354", "replica.id": "day14", "samples.found": 1, "structure.id": "", "studies.found": 1, "study.id": "", "subject.cohort": "", "subject.id": "ND3", "tissue": "PBMC"}	{"cdr3": "CASSQGAYGYTF", "cdr3_old": "CASSQGAYGYTF", "fixNeeded": false, "good": true, "jCanonical": true, "jFixType": "NoFixNeeded", "jId": "TRBJ1-2*01", "jStart": 7, "vCanonical": true, "vEnd": 4, "vFixType": "NoFixNeeded", "vId": "TRBV19*01"}	1
1064	TRB	CASSTRSAYEQYF	TRBV19*01	TRBJ2-7*01	HomoSapiens	HLA-A*02	B2M	MHCI	GILGFVFTL	M	InfluenzaA	PMID:28423320	{"frequency": "1/14", "identification": "antigen-loaded-targets,dextramer-sort", "sequencing": "amplicon-seq", "singlecell": "yes", "verification": ""}	{"cell.subset": "CD8+", "clone.id": "", "donor.MHC": "", "donor.MHC.method": "", "epitope.id": "20354", "replica.id": "day14", "samples.found": 1, "structure.id": "", "studies.found": 1, "study.id": "", "subject.cohort": "", "subject.id": "ND3", "tissue": "PBMC"}	{"cdr3": "CASSTRSAYEQYF", "cdr3_old": "CASSTRSAYEQYF", "fixNeeded": false, "good": true, "jCanonical": true, "jFixType": "NoFixNeeded", "jId": "TRBJ2-7*01", "jStart": 8, "vCanonical": true, "vEnd": 4, "vFixType": "NoFixNeeded", "vId": "TRBV19*01"}	1
1065	TRB	CASSIRSAYEQYF	TRBV19*01	TRBJ2-7*01	HomoSapiens	HLA-A*02	B2M	MHCI	GILGFVFTL	M	InfluenzaA	PMID:28423320	{"frequency": "7/14", "identification": "antigen-loaded-targets,dextramer-sort", "sequencing": "amplicon-seq", "singlecell": "yes", "verification": ""}	{"cell.subset": "CD8+", "clone.id": "", "donor.MHC": "", "donor.MHC.method": "", "epitope.id": "20354", "replica.id": "day14", "samples.found": 1, "structure.id": "", "studies.found": 1, "study.id": "", "subject.cohort": "", "subject.id": "ND3", "tissue": "PBMC"}	{"cdr3": "CASSIRSAYEQYF", "cdr3_old": "CASSIRSAYEQYF", "fixNeeded": false, "good": true, "jCanonical": true, "jFixType": "NoFixNeeded", "jId": "TRBJ2-7*01", "jStart": 8, "vCanonical": true, "vEnd": 5, "vFixType": "NoFixNeeded", "vId": "TRBV19*01"}	1
1066	TRB	CASSIRSSYEQYF	TRBV19*01	TRBJ2-7*01	HomoSapiens	HLA-A*02	B2M	MHCI	GILGFVFTL	M	InfluenzaA	PMID:28423320	{"frequency": "1/14", "identification": "antigen-loaded-targets,dextramer-sort", "sequencing": "amplicon-seq", "singlecell": "yes", "verification": ""}	{"cell.subset": "CD8+", "clone.id": "", "donor.MHC": "", "donor.MHC.method": "", "epitope.id": "20354", "replica.id": "day14", "samples.found": 2, "structure.id": "", "studies.found": 1, "study.id": "", "subject.cohort": "", "subject.id": "ND3", "tissue": "PBMC"}	{"cdr3": "CASSIRSSYEQYF", "cdr3_old": "CASSIRSSYEQYF", "fixNeeded": false, "good": true, "jCanonical": true, "jFixType": "NoFixNeeded", "jId": "TRBJ2-7*01", "jStart": 7, "vCanonical": true, "vEnd": 5, "vFixType": "NoFixNeeded", "vId": "TRBV19*01"}	3
1067	TRB	CASSLLLARETQYF	TRBV28*01	TRBJ2-5*01	HomoSapiens	HLA-A*02	B2M	MHCI	GILGFVFTL	M	InfluenzaA	PMID:28423320	{"frequency": "1/1", "identification": "antigen-loaded-targets,dextramer-sort", "sequencing": "amplicon-seq", "singlecell": "yes", "verification": ""}	{"cell.subset": "CD8+", "clone.id": "", "donor.MHC": "", "donor.MHC.method": "", "epitope.id": "20354", "replica.id": "day0", "samples.found": 1, "structure.id": "", "studies.found": 1, "study.id": "", "subject.cohort": "", "subject.id": "ND7", "tissue": "PBMC"}	{"cdr3": "CASSLLLARETQYF", "cdr3_old": "CASSLLLARETQYF", "fixNeeded": false, "good": true, "jCanonical": true, "jFixType": "NoFixNeeded", "jId": "TRBJ2-5*01", "jStart": 9, "vCanonical": true, "vEnd": 5, "vFixType": "NoFixNeeded", "vId": "TRBV28*01"}	1
1068	TRB	CASSIGSYGYTF	TRBV19*01	TRBJ1-2*01	HomoSapiens	HLA-A*02	B2M	MHCI	GILGFVFTL	M	InfluenzaA	PMID:28423320	{"frequency": "3/7", "identification": "antigen-loaded-targets,dextramer-sort", "sequencing": "amplicon-seq", "singlecell": "yes", "verification": ""}	{"cell.subset": "CD8+", "clone.id": "", "donor.MHC": "", "donor.MHC.method": "", "epitope.id": "20354", "replica.id": "day14", "samples.found": 1, "structure.id": "", "studies.found": 1, "study.id": "", "subject.cohort": "", "subject.id": "ND7", "tissue": "PBMC"}	{"cdr3": "CASSIGSYGYTF", "cdr3_old": "CASSIGSYGYTF", "fixNeeded": false, "good": true, "jCanonical": true, "jFixType": "NoFixNeeded", "jId": "TRBJ1-2*01", "jStart": 7, "vCanonical": true, "vEnd": 5, "vFixType": "NoFixNeeded", "vId": "TRBV19*01"}	1
1069	TRB	CASSRRSSDEQYF	TRBV19*01	TRBJ2-7*01	HomoSapiens	HLA-A*02	B2M	MHCI	GILGFVFTL	M	InfluenzaA	PMID:28423320	{"frequency": "1/7", "identification": "antigen-loaded-targets,dextramer-sort", "sequencing": "amplicon-seq", "singlecell": "yes", "verification": ""}	{"cell.subset": "CD8+", "clone.id": "", "donor.MHC": "", "donor.MHC.method": "", "epitope.id": "20354", "replica.id": "day14", "samples.found": 1, "structure.id": "", "studies.found": 1, "study.id": "", "subject.cohort": "", "subject.id": "ND7", "tissue": "PBMC"}	{"cdr3": "CASSRRSSDEQYF", "cdr3_old": "CASSRRSSDEQYF", "fixNeeded": false, "good": true, "jCanonical": true, "jFixType": "NoFixNeeded", "jId": "TRBJ2-7*01", "jStart": 9, "vCanonical": true, "vEnd": 4, "vFixType": "NoFixNeeded", "vId": "TRBV19*01"}	1
1070	TRB	CASSTYSQDTQYF	TRBV19*01	TRBJ2-3*01	HomoSapiens	HLA-A*02	B2M	MHCI	GILGFVFTL	M	InfluenzaA	PMID:28423320	{"frequency": "3/7", "identification": "antigen-loaded-targets,dextramer-sort", "sequencing": "amplicon-seq", "singlecell": "yes", "verification": ""}	{"cell.subset": "CD8+", "clone.id": "", "donor.MHC": "", "donor.MHC.method": "", "epitope.id": "20354", "replica.id": "day14", "samples.found": 1, "structure.id": "", "studies.found": 1, "study.id": "", "subject.cohort": "", "subject.id": "ND7", "tissue": "PBMC"}	{"cdr3": "CASSTYSQDTQYF", "cdr3_old": "CASSTYSQDTQYF", "fixNeeded": false, "good": true, "jCanonical": true, "jFixType": "NoFixNeeded", "jId": "TRBJ2-3*01", "jStart": 8, "vCanonical": true, "vEnd": 4, "vFixType": "NoFixNeeded", "vId": "TRBV19*01"}	1
1071	TRB	CASSIGVYGYTF	TRBV19*01	TRBJ1-2*01	HomoSapiens	HLA-A*02	B2M	MHCI	GILGFVFTL	M	InfluenzaA	PMID:28423320	{"frequency": "1/5", "identification": "antigen-loaded-targets,dextramer-sort", "sequencing": "amplicon-seq", "singlecell": "yes", "verification": ""}	{"cell.subset": "CD8+", "clone.id": "", "donor.MHC": "", "donor.MHC.method": "", "epitope.id": "20354", "replica.id": "day14", "samples.found": 1, "structure.id": "", "studies.found": 1, "study.id": "", "subject.cohort": "", "subject.id": "ND9", "tissue": "PBMC"}	{"cdr3": "CASSIGVYGYTF", "cdr3_old": "CASSIGVYGYTF", "fixNeeded": false, "good": true, "jCanonical": true, "jFixType": "NoFixNeeded", "jId": "TRBJ1-2*01", "jStart": 7, "vCanonical": true, "vEnd": 5, "vFixType": "NoFixNeeded", "vId": "TRBV19*01"}	1
1072	TRB	CASSIRAAETQYF	TRBV19*01	TRBJ2-5*01	HomoSapiens	HLA-A*02	B2M	MHCI	GILGFVFTL	M	InfluenzaA	PMID:28423320	{"frequency": "2/5", "identification": "antigen-loaded-targets,dextramer-sort", "sequencing": "amplicon-seq", "singlecell": "yes", "verification": ""}	{"cell.subset": "CD8+", "clone.id": "", "donor.MHC": "", "donor.MHC.method": "", "epitope.id": "20354", "replica.id": "day14", "samples.found": 1, "structure.id": "", "studies.found": 1, "study.id": "", "subject.cohort": "", "subject.id": "ND9", "tissue": "PBMC"}	{"cdr3": "CASSIRAAETQYF", "cdr3_old": "CASSIRAAETQYF", "fixNeeded": false, "good": true, "jCanonical": true, "jFixType": "NoFixNeeded", "jId": "TRBJ2-5*01", "jStart": 8, "vCanonical": true, "vEnd": 5, "vFixType": "NoFixNeeded", "vId": "TRBV19*01"}	1
1073	TRB	CASSLLGGWSEAFF	TRBV27*01	TRBJ1-1*01	HomoSapiens	HLA-A*02	B2M	MHCI	GILGFVFTL	M	InfluenzaA	PMID:28423320	{"frequency": "1/5", "identification": "antigen-loaded-targets,dextramer-sort", "sequencing": "amplicon-seq", "singlecell": "yes", "verification": ""}	{"cell.subset": "CD8+", "clone.id": "", "donor.MHC": "", "donor.MHC.method": "", "epitope.id": "20354", "replica.id": "day14", "samples.found": 1, "structure.id": "", "studies.found": 1, "study.id": "", "subject.cohort": "", "subject.id": "ND9", "tissue": "PBMC"}	{"cdr3": "CASSLLGGWSEAFF", "cdr3_old": "CASSLLGGWSEAFF", "fixNeeded": false, "good": true, "jCanonical": true, "jFixType": "NoFixNeeded", "jId": "TRBJ1-1*01", "jStart": 10, "vCanonical": true, "vEnd": 5, "vFixType": "NoFixNeeded", "vId": "TRBV27*01"}	1
1074	TRB	CASSIRAAETQYF	TRBV19*01	TRBJ2-5*01	HomoSapiens	HLA-A*02	B2M	MHCI	GILGFVFTL	M	InfluenzaA	PMID:28423320	{"frequency": "1/5", "identification": "antigen-loaded-targets,dextramer-sort", "sequencing": "amplicon-seq", "singlecell": "yes", "verification": ""}	{"cell.subset": "CD8+", "clone.id": "", "donor.MHC": "", "donor.MHC.method": "", "epitope.id": "20354", "replica.id": "day14", "samples.found": 1, "structure.id": "", "studies.found": 1, "study.id": "", "subject.cohort": "", "subject.id": "ND9", "tissue": "PBMC"}	{"cdr3": "CASSIRAAETQYF", "cdr3_old": "CASSIRAAETQYF", "fixNeeded": false, "good": true, "jCanonical": true, "jFixType": "NoFixNeeded", "jId": "TRBJ2-5*01", "jStart": 8, "vCanonical": true, "vEnd": 5, "vFixType": "NoFixNeeded", "vId": "TRBV19*01"}	1
1075	TRB	CASSIRSSTEAFF	TRBV19*01	TRBJ1-1*01	HomoSapiens	HLA-A*02	B2M	MHCI	GILGFVFTL	M	InfluenzaA	PMID:28423320	{"frequency": "1/1", "identification": "antigen-loaded-targets,dextramer-sort", "sequencing": "amplicon-seq", "singlecell": "yes", "verification": ""}	{"cell.subset": "CD8+", "clone.id": "", "donor.MHC": "", "donor.MHC.method": "", "epitope.id": "20354", "replica.id": "day14", "samples.found": 1, "structure.id": "", "studies.found": 1, "study.id": "", "subject.cohort": "", "subject.id": "ND10", "tissue": "PBMC"}	{"cdr3": "CASSIRSSTEAFF", "cdr3_old": "CASSIRSSTEAFF", "fixNeeded": false, "good": true, "jCanonical": true, "jFixType": "NoFixNeeded", "jId": "TRBJ1-1*01", "jStart": 8, "vCanonical": true, "vEnd": 5, "vFixType": "NoFixNeeded", "vId": "TRBV19*01"}	1
1076	TRB	CASSIRSSYEQYF	TRBV19*01	TRBJ2-7*01	HomoSapiens	HLA-A*02	B2M	MHCI	GILGFVFTL	M	InfluenzaA	PMID:28423320	{"frequency": "1/11", "identification": "antigen-loaded-targets,dextramer-sort", "sequencing": "amplicon-seq", "singlecell": "yes", "verification": ""}	{"cell.subset": "CD8+", "clone.id": "", "donor.MHC": "", "donor.MHC.method": "", "epitope.id": "20354", "replica.id": "day14", "samples.found": 1, "structure.id": "", "studies.found": 1, "study.id": "", "subject.cohort": "", "subject.id": "ND11", "tissue": "PBMC"}	{"cdr3": "CASSIRSSYEQYF", "cdr3_old": "CASSIRSSYEQYF", "fixNeeded": false, "good": true, "jCanonical": true, "jFixType": "NoFixNeeded", "jId": "TRBJ2-7*01", "jStart": 7, "vCanonical": true, "vEnd": 5, "vFixType": "NoFixNeeded", "vId": "TRBV19*01"}	1
1077	TRB	CASSIRSSYEQYF	TRBV19*01	TRBJ2-7*01	HomoSapiens	HLA-A*02	B2M	MHCI	GILGFVFTL	M	InfluenzaA	PMID:28423320	{"frequency": "10/11", "identification": "antigen-loaded-targets,dextramer-sort", "sequencing": "amplicon-seq", "singlecell": "yes", "verification": "direct"}	{"cell.subset": "CD8+", "clone.id": "", "donor.MHC": "", "donor.MHC.method": "", "epitope.id": "20354", "replica.id": "day14", "samples.found": 1, "structure.id": "5EUO", "studies.found": 1, "study.id": "", "subject.cohort": "", "subject.id": "ND11", "tissue": "PBMC"}	{"cdr3": "CASSIRSSYEQYF", "cdr3_old": "CASSIRSSYEQYF", "fixNeeded": false, "good": true, "jCanonical": true, "jFixType": "NoFixNeeded", "jId": "TRBJ2-7*01", "jStart": 7, "vCanonical": true, "vEnd": 5, "vFixType": "NoFixNeeded", "vId": "TRBV19*01"}	3
1078	TRB	CASSTYSQDTQYF	TRBV19*01	TRBJ2-3*01	HomoSapiens	HLA-A*02	B2M	MHCI	GILGFVFTL	M	InfluenzaA	PMID:28423320	{"frequency": "1/1", "identification": "antigen-loaded-targets,dextramer-sort", "sequencing": "amplicon-seq", "singlecell": "yes", "verification": ""}	{"cell.subset": "CD8+", "clone.id": "", "donor.MHC": "", "donor.MHC.method": "", "epitope.id": "20354", "replica.id": "day0", "samples.found": 1, "structure.id": "", "studies.found": 1, "study.id": "", "subject.cohort": "", "subject.id": "ND12", "tissue": "PBMC"}	{"cdr3": "CASSTYSQDTQYF", "cdr3_old": "CASSTYSQDTQYF", "fixNeeded": false, "good": true, "jCanonical": true, "jFixType": "NoFixNeeded", "jId": "TRBJ2-3*01", "jStart": 8, "vCanonical": true, "vEnd": 4, "vFixType": "NoFixNeeded", "vId": "TRBV19*01"}	1
1079	TRB	CASSSRSSYEQYF	TRBV19*01	TRBJ2-7*01	HomoSapiens	HLA-A*02	B2M	MHCI	GILGFVFTL	M	InfluenzaA	PMID:28423320	{"frequency": "1/10", "identification": "antigen-loaded-targets,dextramer-sort", "sequencing": "amplicon-seq", "singlecell": "yes", "verification": ""}	{"cell.subset": "CD8+", "clone.id": "", "donor.MHC": "", "donor.MHC.method": "", "epitope.id": "20354", "replica.id": "day14", "samples.found": 2, "structure.id": "", "studies.found": 1, "study.id": "", "subject.cohort": "", "subject.id": "ND13", "tissue": "PBMC"}	{"cdr3": "CASSSRSSYEQYF", "cdr3_old": "CASSSRSSYEQYF", "fixNeeded": false, "good": true, "jCanonical": true, "jFixType": "NoFixNeeded", "jId": "TRBJ2-7*01", "jStart": 7, "vCanonical": true, "vEnd": 4, "vFixType": "NoFixNeeded", "vId": "TRBV19*01"}	1
1080	TRB	CASSIRSSYEQYF	TRBV19*01	TRBJ2-7*01	HomoSapiens	HLA-A*02	B2M	MHCI	GILGFVFTL	M	InfluenzaA	PMID:28423320	{"frequency": "4/10", "identification": "antigen-loaded-targets,dextramer-sort", "sequencing": "amplicon-seq", "singlecell": "yes", "verification": "direct"}	{"cell.subset": "CD8+", "clone.id": "", "donor.MHC": "", "donor.MHC.method": "", "epitope.id": "20354", "replica.id": "day14", "samples.found": 1, "structure.id": "", "studies.found": 1, "study.id": "", "subject.cohort": "", "subject.id": "ND13", "tissue": "PBMC"}	{"cdr3": "CASSIRSSYEQYF", "cdr3_old": "CASSIRSSYEQYF", "fixNeeded": false, "good": true, "jCanonical": true, "jFixType": "NoFixNeeded", "jId": "TRBJ2-7*01", "jStart": 7, "vCanonical": true, "vEnd": 5, "vFixType": "NoFixNeeded", "vId": "TRBV19*01"}	3
1081	TRB	CASSSRSSYEQYF	TRBV19*01	TRBJ2-7*01	HomoSapiens	HLA-A*02	B2M	MHCI	GILGFVFTL	M	InfluenzaA	PMID:28423320	{"frequency": "1/10", "identification": "antigen-loaded-targets,dextramer-sort", "sequencing": "amplicon-seq", "singlecell": "yes", "verification": ""}	{"cell.subset": "CD8+", "clone.id": "", "donor.MHC": "", "donor.MHC.method": "", "epitope.id": "20354", "replica.id": "day14", "samples.found": 1, "structure.id": "", "studies.found": 1, "study.id": "", "subject.cohort": "", "subject.id": "ND13", "tissue": "PBMC"}	{"cdr3": "CASSSRSSYEQYF", "cdr3_old": "CASSSRSSYEQYF", "fixNeeded": false, "good": true, "jCanonical": true, "jFixType": "NoFixNeeded", "jId": "TRBJ2-7*01", "jStart": 7, "vCanonical": true, "vEnd": 4, "vFixType": "NoFixNeeded", "vId": "TRBV19*01"}	1
1082	TRB	CASSVRSSYEQYF	TRBV19*01	TRBJ2-7*01	HomoSapiens	HLA-A*02	B2M	MHCI	GILGFVFTL	M	InfluenzaA	PMID:28423320	{"frequency": "1/10", "identification": "antigen-loaded-targets,dextramer-sort", "sequencing": "amplicon-seq", "singlecell": "yes", "verification": ""}	{"cell.subset": "CD8+", "clone.id": "", "donor.MHC": "", "donor.MHC.method": "", "epitope.id": "20354", "replica.id": "day14", "samples.found": 1, "structure.id": "", "studies.found": 1, "study.id": "", "subject.cohort": "", "subject.id": "ND13", "tissue": "PBMC"}	{"cdr3": "CASSVRSSYEQYF", "cdr3_old": "CASSVRSSYEQYF", "fixNeeded": false, "good": true, "jCanonical": true, "jFixType": "NoFixNeeded", "jId": "TRBJ2-7*01", "jStart": 7, "vCanonical": true, "vEnd": 4, "vFixType": "NoFixNeeded", "vId": "TRBV19*01"}	1
1083	TRB	CASSIRSSYEQYF	TRBV19*01	TRBJ2-7*01	HomoSapiens	HLA-A*02	B2M	MHCI	GILGFVFTL	M	InfluenzaA	PMID:28423320	{"frequency": "2/10", "identification": "antigen-loaded-targets,dextramer-sort", "sequencing": "amplicon-seq", "singlecell": "yes", "verification": ""}	{"cell.subset": "CD8+", "clone.id": "", "donor.MHC": "", "donor.MHC.method": "", "epitope.id": "20354", "replica.id": "day14", "samples.found": 1, "structure.id": "", "studies.found": 1, "study.id": "", "subject.cohort": "", "subject.id": "ND13", "tissue": "PBMC"}	{"cdr3": "CASSIRSSYEQYF", "cdr3_old": "CASSIRSSYEQYF", "fixNeeded": false, "good": true, "jCanonical": true, "jFixType": "NoFixNeeded", "jId": "TRBJ2-7*01", "jStart": 7, "vCanonical": true, "vEnd": 5, "vFixType": "NoFixNeeded", "vId": "TRBV19*01"}	1
1084	TRB	CASSIRSSYEQYF	TRBV19*01	TRBJ2-7*01	HomoSapiens	HLA-A*02	B2M	MHCI	GILGFVFTL	M	InfluenzaA	PMID:28423320	{"frequency": "1/10", "identification": "antigen-loaded-targets,dextramer-sort", "sequencing": "amplicon-seq", "singlecell": "yes", "verification": ""}	{"cell.subset": "CD8+", "clone.id": "", "donor.MHC": "", "donor.MHC.method": "", "epitope.id": "20354", "replica.id": "day14", "samples.found": 1, "structure.id": "", "studies.found": 1, "study.id": "", "subject.cohort": "", "subject.id": "ND13", "tissue": "PBMC"}	{"cdr3": "CASSIRSSYEQYF", "cdr3_old": "CASSIRSSYEQYF", "fixNeeded": false, "good": true, "jCanonical": true, "jFixType": "NoFixNeeded", "jId": "TRBJ2-7*01", "jStart": 7, "vCanonical": true, "vEnd": 5, "vFixType": "NoFixNeeded", "vId": "TRBV19*01"}	1
1094	TRB	CASSIRSSYEQYF	TRBV19*01	TRBJ2-7*01	HomoSapiens	HLA-A*02	B2M	MHCI	GILGFVFTL	M	InfluenzaA	PMID:28423320	{"frequency": "", "identification": "antigen-loaded-targets,dextramer-sort", "sequencing": "amplicon-seq", "singlecell": "yes", "verification": "direct"}	{"cell.subset": "CD8+", "clone.id": "", "donor.MHC": "", "donor.MHC.method": "", "epitope.id": "20354", "replica.id": "", "samples.found": 1, "structure.id": "", "studies.found": 1, "study.id": "", "subject.cohort": "", "subject.id": "", "tissue": "PBMC"}	{"cdr3": "CASSIRSSYEQYF", "cdr3_old": "CASSIRSSYEQYF", "fixNeeded": false, "good": true, "jCanonical": true, "jFixType": "NoFixNeeded", "jId": "TRBJ2-7*01", "jStart": 7, "vCanonical": true, "vEnd": 5, "vFixType": "NoFixNeeded", "vId": "TRBV19*01"}	3
1095	TRB	CASSSRSSYEQYF	TRBV19*01	TRBJ2-7*01	HomoSapiens	HLA-A*02	B2M	MHCI	GILGFVFTL	M	InfluenzaA	PMID:28423320	{"frequency": "", "identification": "antigen-loaded-targets,dextramer-sort", "sequencing": "amplicon-seq", "singlecell": "yes", "verification": ""}	{"cell.subset": "CD8+", "clone.id": "", "donor.MHC": "", "donor.MHC.method": "", "epitope.id": "20354", "replica.id": "", "samples.found": 1, "structure.id": "", "studies.found": 1, "study.id": "", "subject.cohort": "", "subject.id": "", "tissue": "PBMC"}	{"cdr3": "CASSSRSSYEQYF", "cdr3_old": "CASSSRSSYEQYF", "fixNeeded": false, "good": true, "jCanonical": true, "jFixType": "NoFixNeeded", "jId": "TRBJ2-7*01", "jStart": 7, "vCanonical": true, "vEnd": 4, "vFixType": "NoFixNeeded", "vId": "TRBV19*01"}	1
1096	TRB	CASSLLGGWSEAFF	TRBV27*01	TRBJ1-1*01	HomoSapiens	HLA-A*02	B2M	MHCI	GILGFVFTL	M	InfluenzaA	PMID:28423320	{"frequency": "", "identification": "antigen-loaded-targets,dextramer-sort", "sequencing": "amplicon-seq", "singlecell": "yes", "verification": "direct"}	{"cell.subset": "CD8+", "clone.id": "", "donor.MHC": "", "donor.MHC.method": "", "epitope.id": "20354", "replica.id": "", "samples.found": 1, "structure.id": "", "studies.found": 1, "study.id": "", "subject.cohort": "", "subject.id": "", "tissue": "PBMC"}	{"cdr3": "CASSLLGGWSEAFF", "cdr3_old": "CASSLLGGWSEAFF", "fixNeeded": false, "good": true, "jCanonical": true, "jFixType": "NoFixNeeded", "jId": "TRBJ1-1*01", "jStart": 10, "vCanonical": true, "vEnd": 5, "vFixType": "NoFixNeeded", "vId": "TRBV27*01"}	3
1097	TRB	CASSLIYPGELFF	TRBV27*01	TRBJ2-2*01	HomoSapiens	HLA-A*02	B2M	MHCI	GILGFVFTL	M	InfluenzaA	PMID:28423320	{"frequency": "", "identification": "antigen-loaded-targets,dextramer-sort", "sequencing": "amplicon-seq", "singlecell": "yes", "verification": "direct"}	{"cell.subset": "CD8+", "clone.id": "", "donor.MHC": "", "donor.MHC.method": "", "epitope.id": "20354", "replica.id": "", "samples.found": 1, "structure.id": "56I", "studies.found": 1, "study.id": "", "subject.cohort": "", "subject.id": "", "tissue": "PBMC"}	{"cdr3": "CASSLIYPGELFF", "cdr3_old": "CASSLIYPGELFF", "fixNeeded": false, "good": true, "jCanonical": true, "jFixType": "NoFixNeeded", "jId": "TRBJ2-2*01", "jStart": 8, "vCanonical": true, "vEnd": 5, "vFixType": "NoFixNeeded", "vId": "TRBV27*01"}	3
1059	TRA	CAGAFGSSNTGKLIF	TRAV27*01	TRAJ37*01	HomoSapiens	HLA-A*02	B2M	MHCI	GILGFVFTL	M	InfluenzaA	PMID:28423320	{"frequency": "1/3", "identification": "antigen-loaded-targets,dextramer-sort", "sequencing": "amplicon-seq", "singlecell": "yes", "verification": ""}	{"cell.subset": "CD8+", "clone.id": "", "donor.MHC": "", "donor.MHC.method": "", "epitope.id": "20354", "replica.id": "day0", "samples.found": 2, "structure.id": "", "studies.found": 1, "study.id": "", "subject.cohort": "", "subject.id": "ND3", "tissue": "PBMC"}	{"cdr3": "CAGAFGSSNTGKLIF", "cdr3_old": "CAGAFGSSNTGKLIF", "fixNeeded": false, "good": true, "jCanonical": true, "jFixType": "NoFixNeeded", "jId": "TRAJ37*01", "jStart": 8, "vCanonical": true, "vEnd": 3, "vFixType": "NoFixNeeded", "vId": "TRAV27*01"}	1
1060	TRA	CAVDHLMNYGGSQGNLIF	TRAV22*01	TRAJ42*01	HomoSapiens	HLA-A*02	B2M	MHCI	GILGFVFTL	M	InfluenzaA	PMID:28423320	{"frequency": "2/3", "identification": "antigen-loaded-targets,dextramer-sort", "sequencing": "amplicon-seq", "singlecell": "yes", "verification": ""}	{"cell.subset": "CD8+", "clone.id": "", "donor.MHC": "", "donor.MHC.method": "", "epitope.id": "20354", "replica.id": "day0", "samples.found": 3, "structure.id": "", "studies.found": 1, "study.id": "", "subject.cohort": "", "subject.id": "ND3", "tissue": "PBMC"}	{"cdr3": "CAVDHLMNYGGSQGNLIF", "cdr3_old": "CAVDHLMNYGGSQGNLIF", "fixNeeded": false, "good": true, "jCanonical": true, "jFixType": "NoFixNeeded", "jId": "TRAJ42*01", "jStart": 7, "vCanonical": true, "vEnd": 3, "vFixType": "NoFixNeeded", "vId": "TRAV22*01"}	1
1061	TRA	CAAQGSQGNLIF	TRAV13-1*01	TRAJ42*01	HomoSapiens	HLA-A*02	B2M	MHCI	GILGFVFTL	M	InfluenzaA	PMID:28423320	{"frequency": "1/14", "identification": "antigen-loaded-targets,dextramer-sort", "sequencing": "amplicon-seq", "singlecell": "yes", "verification": "direct"}	{"cell.subset": "CD8+", "clone.id": "", "donor.MHC": "", "donor.MHC.method": "", "epitope.id": "20354", "replica.id": "day14", "samples.found": 1, "structure.id": "", "studies.found": 1, "study.id": "", "subject.cohort": "", "subject.id": "ND3", "tissue": "PBMC"}	{"cdr3": "CAAQGSQGNLIF", "cdr3_old": "CAAQGSQGNLIF", "fixNeeded": false, "good": true, "jCanonical": true, "jFixType": "NoFixNeeded", "jId": "TRAJ42*01", "jStart": 4, "vCanonical": true, "vEnd": 3, "vFixType": "NoFixNeeded", "vId": "TRAV13-1*01"}	3
1062	TRA	CAAQGSQGNLIF	TRAV13-1*01	TRAJ42*01	HomoSapiens	HLA-A*02	B2M	MHCI	GILGFVFTL	M	InfluenzaA	PMID:28423320	{"frequency": "3/14", "identification": "antigen-loaded-targets,dextramer-sort", "sequencing": "amplicon-seq", "singlecell": "yes", "verification": ""}	{"cell.subset": "CD8+", "clone.id": "", "donor.MHC": "", "donor.MHC.method": "", "epitope.id": "20354", "replica.id": "day14", "samples.found": 1, "structure.id": "", "studies.found": 1, "study.id": "", "subject.cohort": "", "subject.id": "ND3", "tissue": "PBMC"}	{"cdr3": "CAAQGSQGNLIF", "cdr3_old": "CAAQGSQGNLIF", "fixNeeded": false, "good": true, "jCanonical": true, "jFixType": "NoFixNeeded", "jId": "TRAJ42*01", "jStart": 4, "vCanonical": true, "vEnd": 3, "vFixType": "NoFixNeeded", "vId": "TRAV13-1*01"}	1
1063	TRA	CAARGSQGNLIF	TRAV8-6*01	TRAJ42*01	HomoSapiens	HLA-A*02	B2M	MHCI	GILGFVFTL	M	InfluenzaA	PMID:28423320	{"frequency": "1/14", "identification": "antigen-loaded-targets,dextramer-sort", "sequencing": "amplicon-seq", "singlecell": "yes", "verification": ""}	{"cell.subset": "CD8+", "clone.id": "", "donor.MHC": "", "donor.MHC.method": "", "epitope.id": "20354", "replica.id": "day14", "samples.found": 1, "structure.id": "", "studies.found": 1, "study.id": "", "subject.cohort": "", "subject.id": "ND3", "tissue": "PBMC"}	{"cdr3": "CAARGSQGNLIF", "cdr3_old": "CAARGSQGNLIF", "fixNeeded": false, "good": true, "jCanonical": true, "jFixType": "NoFixNeeded", "jId": "TRAJ42*01", "jStart": 4, "vCanonical": true, "vEnd": 2, "vFixType": "NoFixNeeded", "vId": "TRAV8-6*01"}	1
1064	TRA	CAGADGSSNTGKLIF	TRAV27*01	TRAJ37*01	HomoSapiens	HLA-A*02	B2M	MHCI	GILGFVFTL	M	InfluenzaA	PMID:28423320	{"frequency": "1/14", "identification": "antigen-loaded-targets,dextramer-sort", "sequencing": "amplicon-seq", "singlecell": "yes", "verification": ""}	{"cell.subset": "CD8+", "clone.id": "", "donor.MHC": "", "donor.MHC.method": "", "epitope.id": "20354", "replica.id": "day14", "samples.found": 1, "structure.id": "", "studies.found": 1, "study.id": "", "subject.cohort": "", "subject.id": "ND3", "tissue": "PBMC"}	{"cdr3": "CAGADGSSNTGKLIF", "cdr3_old": "CAGADGSSNTGKLIF", "fixNeeded": false, "good": true, "jCanonical": true, "jFixType": "NoFixNeeded", "jId": "TRAJ37*01", "jStart": 8, "vCanonical": true, "vEnd": 3, "vFixType": "NoFixNeeded", "vId": "TRAV27*01"}	1
1065	TRA	CAGAFGSSNTGKLIF	TRAV27*01	TRAJ37*01	HomoSapiens	HLA-A*02	B2M	MHCI	GILGFVFTL	M	InfluenzaA	PMID:28423320	{"frequency": "7/14", "identification": "antigen-loaded-targets,dextramer-sort", "sequencing": "amplicon-seq", "singlecell": "yes", "verification": ""}	{"cell.subset": "CD8+", "clone.id": "", "donor.MHC": "", "donor.MHC.method": "", "epitope.id": "20354", "replica.id": "day14", "samples.found": 1, "structure.id": "", "studies.found": 1, "study.id": "", "subject.cohort": "", "subject.id": "ND3", "tissue": "PBMC"}	{"cdr3": "CAGAFGSSNTGKLIF", "cdr3_old": "CAGAFGSSNTGKLIF", "fixNeeded": false, "good": true, "jCanonical": true, "jFixType": "NoFixNeeded", "jId": "TRAJ37*01", "jStart": 8, "vCanonical": true, "vEnd": 3, "vFixType": "NoFixNeeded", "vId": "TRAV27*01"}	1
1066	TRA	CAVGGSQGNLIF	TRAV8-6*01	TRAJ42*01	HomoSapiens	HLA-A*02	B2M	MHCI	GILGFVFTL	M	InfluenzaA	PMID:28423320	{"frequency": "1/14", "identification": "antigen-loaded-targets,dextramer-sort", "sequencing": "amplicon-seq", "singlecell": "yes", "verification": ""}	{"cell.subset": "CD8+", "clone.id": "", "donor.MHC": "", "donor.MHC.method": "", "epitope.id": "20354", "replica.id": "day14", "samples.found": 2, "structure.id": "", "studies.found": 1, "study.id": "", "subject.cohort": "", "subject.id": "ND3", "tissue": "PBMC"}	{"cdr3": "CAVGGSQGNLIF", "cdr3_old": "CAVGGSQGNLIF", "fixNeeded": false, "good": true, "jCanonical": true, "jFixType": "NoFixNeeded", "jId": "TRAJ42*01", "jStart": 3, "vCanonical": true, "vEnd": 3, "vFixType": "NoFixNeeded", "vId": "TRAV8-6*01"}	3
1067	TRA	CAMREGGNGGGFICTIF	TRAV14/DV4*01	TRAJ9*01	HomoSapiens	HLA-A*02	B2M	MHCI	GILGFVFTL	M	InfluenzaA	PMID:28423320	{"frequency": "1/1", "identification": "antigen-loaded-targets,dextramer-sort", "sequencing": "amplicon-seq", "singlecell": "yes", "verification": ""}	{"cell.subset": "CD8+", "clone.id": "", "donor.MHC": "", "donor.MHC.method": "", "epitope.id": "20354", "replica.id": "day0", "samples.found": 1, "structure.id": "", "studies.found": 1, "study.id": "", "subject.cohort": "", "subject.id": "ND7", "tissue": "PBMC"}	{"cdr3": "CAMREGGNGGGFICTIF", "cdr3_old": "CAMREGGNGGGFICTIF", "fixNeeded": false, "good": true, "jCanonical": true, "jFixType": "NoFixNeeded", "jId": "TRAJ9*01", "jStart": 14, "vCanonical": true, "vEnd": 5, "vFixType": "NoFixNeeded", "vId": "TRAV14/DV4*01"}	1
1068	TRA	CAFMINAGGTSYGKLTF	TRAV38-1*01	TRAJ52*01	HomoSapiens	HLA-A*02	B2M	MHCI	GILGFVFTL	M	InfluenzaA	PMID:28423320	{"frequency": "3/7", "identification": "antigen-loaded-targets,dextramer-sort", "sequencing": "amplicon-seq", "singlecell": "yes", "verification": ""}	{"cell.subset": "CD8+", "clone.id": "", "donor.MHC": "", "donor.MHC.method": "", "epitope.id": "20354", "replica.id": "day14", "samples.found": 1, "structure.id": "", "studies.found": 1, "study.id": "", "subject.cohort": "", "subject.id": "ND7", "tissue": "PBMC"}	{"cdr3": "CAFMINAGGTSYGKLTF", "cdr3_old": "CAFMINAGGTSYGKLTF", "fixNeeded": false, "good": true, "jCanonical": true, "jFixType": "NoFixNeeded", "jId": "TRAJ52*01", "jStart": 5, "vCanonical": true, "vEnd": 4, "vFixType": "NoFixNeeded", "vId": "TRAV38-1*01"}	1
1069	TRA	CAGAGGGSQGNLIF	TRAV27*01	TRAJ42*01	HomoSapiens	HLA-A*02	B2M	MHCI	GILGFVFTL	M	InfluenzaA	PMID:28423320	{"frequency": "1/7", "identification": "antigen-loaded-targets,dextramer-sort", "sequencing": "amplicon-seq", "singlecell": "yes", "verification": ""}	{"cell.subset": "CD8+", "clone.id": "", "donor.MHC": "", "donor.MHC.method": "", "epitope.id": "20354", "replica.id": "day14", "samples.found": 1, "structure.id": "", "studies.found": 1, "study.id": "", "subject.cohort": "", "subject.id": "ND7", "tissue": "PBMC"}	{"cdr3": "CAGAGGGSQGNLIF", "cdr3_old": "CAGAGGGSQGNLIF", "fixNeeded": false, "good": true, "jCanonical": true, "jFixType": "NoFixNeeded", "jId": "TRAJ42*01", "jStart": 5, "vCanonical": true, "vEnd": 3, "vFixType": "NoFixNeeded", "vId": "TRAV27*01"}	1
1070	TRA	CAVDHLMNYGGSQGNLIF	TRAV22*01	TRAJ42*01	HomoSapiens	HLA-A*02	B2M	MHCI	GILGFVFTL	M	InfluenzaA	PMID:28423320	{"frequency": "3/7", "identification": "antigen-loaded-targets,dextramer-sort", "sequencing": "amplicon-seq", "singlecell": "yes", "verification": ""}	{"cell.subset": "CD8+", "clone.id": "", "donor.MHC": "", "donor.MHC.method": "", "epitope.id": "20354", "replica.id": "day14", "samples.found": 1, "structure.id": "", "studies.found": 1, "study.id": "", "subject.cohort": "", "subject.id": "ND7", "tissue": "PBMC"}	{"cdr3": "CAVDHLMNYGGSQGNLIF", "cdr3_old": "CAVDHLMNYGGSQGNLIF", "fixNeeded": false, "good": true, "jCanonical": true, "jFixType": "NoFixNeeded", "jId": "TRAJ42*01", "jStart": 7, "vCanonical": true, "vEnd": 3, "vFixType": "NoFixNeeded", "vId": "TRAV22*01"}	1
1071	TRA	CAAQGSQGNLIF	TRAV13-1*01	TRAJ42*01	HomoSapiens	HLA-A*02	B2M	MHCI	GILGFVFTL	M	InfluenzaA	PMID:28423320	{"frequency": "1/5", "identification": "antigen-loaded-targets,dextramer-sort", "sequencing": "amplicon-seq", "singlecell": "yes", "verification": ""}	{"cell.subset": "CD8+", "clone.id": "", "donor.MHC": "", "donor.MHC.method": "", "epitope.id": "20354", "replica.id": "day14", "samples.found": 1, "structure.id": "", "studies.found": 1, "study.id": "", "subject.cohort": "", "subject.id": "ND9", "tissue": "PBMC"}	{"cdr3": "CAAQGSQGNLIF", "cdr3_old": "CAAQGSQGNLIF", "fixNeeded": false, "good": true, "jCanonical": true, "jFixType": "NoFixNeeded", "jId": "TRAJ42*01", "jStart": 4, "vCanonical": true, "vEnd": 3, "vFixType": "NoFixNeeded", "vId": "TRAV13-1*01"}	1
1072	TRA	CAAQGSQGNLIF	TRAV13-1*01	TRAJ42*01	HomoSapiens	HLA-A*02	B2M	MHCI	GILGFVFTL	M	InfluenzaA	PMID:28423320	{"frequency": "2/5", "identification": "antigen-loaded-targets,dextramer-sort", "sequencing": "amplicon-seq", "singlecell": "yes", "verification": ""}	{"cell.subset": "CD8+", "clone.id": "", "donor.MHC": "", "donor.MHC.method": "", "epitope.id": "20354", "replica.id": "day14", "samples.found": 1, "structure.id": "", "studies.found": 1, "study.id": "", "subject.cohort": "", "subject.id": "ND9", "tissue": "PBMC"}	{"cdr3": "CAAQGSQGNLIF", "cdr3_old": "CAAQGSQGNLIF", "fixNeeded": false, "good": true, "jCanonical": true, "jFixType": "NoFixNeeded", "jId": "TRAJ42*01", "jStart": 4, "vCanonical": true, "vEnd": 3, "vFixType": "NoFixNeeded", "vId": "TRAV13-1*01"}	1
1073	TRA	CAASHIQGAQKLVF	TRAV13-1*01	TRAJ54*01	HomoSapiens	HLA-A*02	B2M	MHCI	GILGFVFTL	M	InfluenzaA	PMID:28423320	{"frequency": "1/5", "identification": "antigen-loaded-targets,dextramer-sort", "sequencing": "amplicon-seq", "singlecell": "yes", "verification": ""}	{"cell.subset": "CD8+", "clone.id": "", "donor.MHC": "", "donor.MHC.method": "", "epitope.id": "20354", "replica.id": "day14", "samples.found": 1, "structure.id": "", "studies.found": 1, "study.id": "", "subject.cohort": "", "subject.id": "ND9", "tissue": "PBMC"}	{"cdr3": "CAASHIQGAQKLVF", "cdr3_old": "CAASHIQGAQKLVF", "fixNeeded": false, "good": true, "jCanonical": true, "jFixType": "NoFixNeeded", "jId": "TRAJ54*01", "jStart": 5, "vCanonical": true, "vEnd": 4, "vFixType": "NoFixNeeded", "vId": "TRAV13-1*01"}	1
1074	TRA	CAVQGSQGNLIF	TRAV20*01	TRAJ42*01	HomoSapiens	HLA-A*02	B2M	MHCI	GILGFVFTL	M	InfluenzaA	PMID:28423320	{"frequency": "1/5", "identification": "antigen-loaded-targets,dextramer-sort", "sequencing": "amplicon-seq", "singlecell": "yes", "verification": ""}	{"cell.subset": "CD8+", "clone.id": "", "donor.MHC": "", "donor.MHC.method": "", "epitope.id": "20354", "replica.id": "day14", "samples.found": 1, "structure.id": "", "studies.found": 1, "study.id": "", "subject.cohort": "", "subject.id": "ND9", "tissue": "PBMC"}	{"cdr3": "CAVQGSQGNLIF", "cdr3_old": "CAVQGSQGNLIF", "fixNeeded": false, "good": true, "jCanonical": true, "jFixType": "NoFixNeeded", "jId": "TRAJ42*01", "jStart": 4, "oldVEnd": 2, "oldVFixType": "NoFixNeeded", "oldVId": "TRAV13-1*01", "vCanonical": true, "vEnd": 4, "vFixType": "ChangeSegment", "vId": "TRAV20*01"}	1
1075	TRA	CAGAGGGSQGNLIF	TRAV27*01	TRAJ42*01	HomoSapiens	HLA-A*02	B2M	MHCI	GILGFVFTL	M	InfluenzaA	PMID:28423320	{"frequency": "1/1", "identification": "antigen-loaded-targets,dextramer-sort", "sequencing": "amplicon-seq", "singlecell": "yes", "verification": ""}	{"cell.subset": "CD8+", "clone.id": "", "donor.MHC": "", "donor.MHC.method": "", "epitope.id": "20354", "replica.id": "day14", "samples.found": 1, "structure.id": "", "studies.found": 1, "study.id": "", "subject.cohort": "", "subject.id": "ND10", "tissue": "PBMC"}	{"cdr3": "CAGAGGGSQGNLIF", "cdr3_old": "CAGAGGGSQGNLIF", "fixNeeded": false, "good": true, "jCanonical": true, "jFixType": "NoFixNeeded", "jId": "TRAJ42*01", "jStart": 5, "vCanonical": true, "vEnd": 3, "vFixType": "NoFixNeeded", "vId": "TRAV27*01"}	1
1076	TRA	CAAGGSQGNLIF	TRAV27*01	TRAJ42*01	HomoSapiens	HLA-A*02	B2M	MHCI	GILGFVFTL	M	InfluenzaA	PMID:28423320	{"frequency": "1/11", "identification": "antigen-loaded-targets,dextramer-sort", "sequencing": "amplicon-seq", "singlecell": "yes", "verification": ""}	{"cell.subset": "CD8+", "clone.id": "", "donor.MHC": "", "donor.MHC.method": "", "epitope.id": "20354", "replica.id": "day14", "samples.found": 1, "structure.id": "", "studies.found": 1, "study.id": "", "subject.cohort": "", "subject.id": "ND11", "tissue": "PBMC"}	{"cdr3": "CAAGGSQGNLIF", "cdr3_old": "CAAGGSQGNLIF", "fixNeeded": false, "good": true, "jCanonical": true, "jFixType": "NoFixNeeded", "jId": "TRAJ42*01", "jStart": 3, "vCanonical": true, "vEnd": 2, "vFixType": "NoFixNeeded", "vId": "TRAV27*01"}	1
1077	TRA	CAGAIGSSNTGKLIF	TRAV27*01	TRAJ37*01	HomoSapiens	HLA-A*02	B2M	MHCI	GILGFVFTL	M	InfluenzaA	PMID:28423320	{"frequency": "10/11", "identification": "antigen-loaded-targets,dextramer-sort", "sequencing": "amplicon-seq", "singlecell": "yes", "verification": "direct"}	{"cell.subset": "CD8+", "clone.id": "", "donor.MHC": "", "donor.MHC.method": "", "epitope.id": "20354", "replica.id": "day14", "samples.found": 1, "structure.id": "5EUO", "studies.found": 1, "study.id": "", "subject.cohort": "", "subject.id": "ND11", "tissue": "PBMC"}	{"cdr3": "CAGAIGSSNTGKLIF", "cdr3_old": "CAGAIGSSNTGKLIF", "fixNeeded": false, "good": true, "jCanonical": true, "jFixType": "NoFixNeeded", "jId": "TRAJ37*01", "jStart": 8, "vCanonical": true, "vEnd": 3, "vFixType": "NoFixNeeded", "vId": "TRAV27*01"}	3
1078	TRA	CAVDHLMNYGGSQGNLIF	TRAV22*01	TRAJ42*01	HomoSapiens	HLA-A*02	B2M	MHCI	GILGFVFTL	M	InfluenzaA	PMID:28423320	{"frequency": "1/1", "identification": "antigen-loaded-targets,dextramer-sort", "sequencing": "amplicon-seq", "singlecell": "yes", "verification": ""}	{"cell.subset": "CD8+", "clone.id": "", "donor.MHC": "", "donor.MHC.method": "", "epitope.id": "20354", "replica.id": "day0", "samples.found": 1, "structure.id": "", "studies.found": 1, "study.id": "", "subject.cohort": "", "subject.id": "ND12", "tissue": "PBMC"}	{"cdr3": "CAVDHLMNYGGSQGNLIF", "cdr3_old": "CAVDHLMNYGGSQGNLIF", "fixNeeded": false, "good": true, "jCanonical": true, "jFixType": "NoFixNeeded", "jId": "TRAJ42*01", "jStart": 7, "vCanonical": true, "vEnd": 3, "vFixType": "NoFixNeeded", "vId": "TRAV22*01"}	1
1079	TRA	CAAGGSQGNLIF	TRAV8-6*01	TRAJ42*01	HomoSapiens	HLA-A*02	B2M	MHCI	GILGFVFTL	M	InfluenzaA	PMID:28423320	{"frequency": "1/10", "identification": "antigen-loaded-targets,dextramer-sort", "sequencing": "amplicon-seq", "singlecell": "yes", "verification": ""}	{"cell.subset": "CD8+", "clone.id": "", "donor.MHC": "", "donor.MHC.method": "", "epitope.id": "20354", "replica.id": "day14", "samples.found": 2, "structure.id": "", "studies.found": 1, "study.id": "", "subject.cohort": "", "subject.id": "ND13", "tissue": "PBMC"}	{"cdr3": "CAAGGSQGNLIF", "cdr3_old": "CAAGGSQGNLIF", "fixNeeded": false, "good": true, "jCanonical": true, "jFixType": "NoFixNeeded", "jId": "TRAJ42*01", "jStart": 3, "vCanonical": true, "vEnd": 2, "vFixType": "NoFixNeeded", "vId": "TRAV8-6*01"}	1
1080	TRA	CAGAGSQGNLIF	TRAV27*01	TRAJ42*01	HomoSapiens	HLA-A*02	B2M	MHCI	GILGFVFTL	M	InfluenzaA	PMID:28423320	{"frequency": "4/10", "identification": "antigen-loaded-targets,dextramer-sort", "sequencing": "amplicon-seq", "singlecell": "yes", "verification": "direct"}	{"cell.subset": "CD8+", "clone.id": "", "donor.MHC": "", "donor.MHC.method": "", "epitope.id": "20354", "replica.id": "day14", "samples.found": 1, "structure.id": "", "studies.found": 1, "study.id": "", "subject.cohort": "", "subject.id": "ND13", "tissue": "PBMC"}	{"cdr3": "CAGAGSQGNLIF", "cdr3_old": "CAGAGSQGNLIF", "fixNeeded": false, "good": true, "jCanonical": true, "jFixType": "NoFixNeeded", "jId": "TRAJ42*01", "jStart": 4, "vCanonical": true, "vEnd": 3, "vFixType": "NoFixNeeded", "vId": "TRAV27*01"}	3
1081	TRA	CAGAGSQGNLIF	TRAV27*01	TRAJ42*01	HomoSapiens	HLA-A*02	B2M	MHCI	GILGFVFTL	M	InfluenzaA	PMID:28423320	{"frequency": "1/10", "identification": "antigen-loaded-targets,dextramer-sort", "sequencing": "amplicon-seq", "singlecell": "yes", "verification": ""}	{"cell.subset": "CD8+", "clone.id": "", "donor.MHC": "", "donor.MHC.method": "", "epitope.id": "20354", "replica.id": "day14", "samples.found": 1, "structure.id": "", "studies.found": 1, "study.id": "", "subject.cohort": "", "subject.id": "ND13", "tissue": "PBMC"}	{"cdr3": "CAGAGSQGNLIF", "cdr3_old": "CAGAGSQGNLIF", "fixNeeded": false, "good": true, "jCanonical": true, "jFixType": "NoFixNeeded", "jId": "TRAJ42*01", "jStart": 4, "vCanonical": true, "vEnd": 3, "vFixType": "NoFixNeeded", "vId": "TRAV27*01"}	1
1082	TRA	CAGGGSQGNLIF	TRAV27*01	TRAJ42*01	HomoSapiens	HLA-A*02	B2M	MHCI	GILGFVFTL	M	InfluenzaA	PMID:28423320	{"frequency": "1/10", "identification": "antigen-loaded-targets,dextramer-sort", "sequencing": "amplicon-seq", "singlecell": "yes", "verification": ""}	{"cell.subset": "CD8+", "clone.id": "", "donor.MHC": "", "donor.MHC.method": "", "epitope.id": "20354", "replica.id": "day14", "samples.found": 1, "structure.id": "", "studies.found": 1, "study.id": "", "subject.cohort": "", "subject.id": "ND13", "tissue": "PBMC"}	{"cdr3": "CAGGGSQGNLIF", "cdr3_old": "CAGGGSQGNLIF", "fixNeeded": false, "good": true, "jCanonical": true, "jFixType": "NoFixNeeded", "jId": "TRAJ42*01", "jStart": 3, "vCanonical": true, "vEnd": 3, "vFixType": "NoFixNeeded", "vId": "TRAV27*01"}	1
1083	TRA	CAGGGSQGNLIF	TRAV27*01	TRAJ42*01	HomoSapiens	HLA-A*02	B2M	MHCI	GILGFVFTL	M	InfluenzaA	PMID:28423320	{"frequency": "2/10", "identification": "antigen-loaded-targets,dextramer-sort", "sequencing": "amplicon-seq", "singlecell": "yes", "verification": ""}	{"cell.subset": "CD8+", "clone.id": "", "donor.MHC": "", "donor.MHC.method": "", "epitope.id": "20354", "replica.id": "day14", "samples.found": 1, "structure.id": "", "studies.found": 1, "study.id": "", "subject.cohort": "", "subject.id": "ND13", "tissue": "PBMC"}	{"cdr3": "CAGGGSQGNLIF", "cdr3_old": "CAGGGSQGNLIF", "fixNeeded": false, "good": true, "jCanonical": true, "jFixType": "NoFixNeeded", "jId": "TRAJ42*01", "jStart": 3, "vCanonical": true, "vEnd": 3, "vFixType": "NoFixNeeded", "vId": "TRAV27*01"}	1
1084	TRA	CAVTGGGSQGNLIF	TRAV12-2*01	TRAJ42*01	HomoSapiens	HLA-A*02	B2M	MHCI	GILGFVFTL	M	InfluenzaA	PMID:28423320	{"frequency": "1/10", "identification": "antigen-loaded-targets,dextramer-sort", "sequencing": "amplicon-seq", "singlecell": "yes", "verification": ""}	{"cell.subset": "CD8+", "clone.id": "", "donor.MHC": "", "donor.MHC.method": "", "epitope.id": "20354", "replica.id": "day14", "samples.found": 1, "structure.id": "", "studies.found": 1, "study.id": "", "subject.cohort": "", "subject.id": "ND13", "tissue": "PBMC"}	{"cdr3": "CAVTGGGSQGNLIF", "cdr3_old": "CAVTGGGSQGNLIF", "fixNeeded": false, "good": true, "jCanonical": true, "jFixType": "NoFixNeeded", "jId": "TRAJ42*01", "jStart": 5, "vCanonical": true, "vEnd": 3, "vFixType": "NoFixNeeded", "vId": "TRAV12-2*01"}	1
1094	TRA	CAVGGSQGNLIF	TRAV8-6*01	TRAJ42*01	HomoSapiens	HLA-A*02	B2M	MHCI	GILGFVFTL	M	InfluenzaA	PMID:28423320	{"frequency": "", "identification": "antigen-loaded-targets,dextramer-sort", "sequencing": "amplicon-seq", "singlecell": "yes", "verification": "direct"}	{"cell.subset": "CD8+", "clone.id": "", "donor.MHC": "", "donor.MHC.method": "", "epitope.id": "20354", "replica.id": "", "samples.found": 1, "structure.id": "", "studies.found": 1, "study.id": "", "subject.cohort": "", "subject.id": "", "tissue": "PBMC"}	{"cdr3": "CAVGGSQGNLIF", "cdr3_old": "CAVGGSQGNLIF", "fixNeeded": false, "good": true, "jCanonical": true, "jFixType": "NoFixNeeded", "jId": "TRAJ42*01", "jStart": 3, "vCanonical": true, "vEnd": 3, "vFixType": "NoFixNeeded", "vId": "TRAV8-6*01"}	3
1095	TRA	CAAGGSQGNLIF	TRAV8-6*01	TRAJ42*01	HomoSapiens	HLA-A*02	B2M	MHCI	GILGFVFTL	M	InfluenzaA	PMID:28423320	{"frequency": "", "identification": "antigen-loaded-targets,dextramer-sort", "sequencing": "amplicon-seq", "singlecell": "yes", "verification": ""}	{"cell.subset": "CD8+", "clone.id": "", "donor.MHC": "", "donor.MHC.method": "", "epitope.id": "20354", "replica.id": "", "samples.found": 1, "structure.id": "", "studies.found": 1, "study.id": "", "subject.cohort": "", "subject.id": "", "tissue": "PBMC"}	{"cdr3": "CAAGGSQGNLIF", "cdr3_old": "CAAGGSQGNLIF", "fixNeeded": false, "good": true, "jCanonical": true, "jFixType": "NoFixNeeded", "jId": "TRAJ42*01", "jStart": 3, "vCanonical": true, "vEnd": 2, "vFixType": "NoFixNeeded", "vId": "TRAV8-6*01"}	1
1096	TRA	CAASFIIQGAQKLVF	TRAV13-1*01	TRAJ54*01	HomoSapiens	HLA-A*02	B2M	MHCI	GILGFVFTL	M	InfluenzaA	PMID:28423320	{"frequency": "", "identification": "antigen-loaded-targets,dextramer-sort", "sequencing": "amplicon-seq", "singlecell": "yes", "verification": "direct"}	{"cell.subset": "CD8+", "clone.id": "", "donor.MHC": "", "donor.MHC.method": "", "epitope.id": "20354", "replica.id": "", "samples.found": 1, "structure.id": "", "studies.found": 1, "study.id": "", "subject.cohort": "", "subject.id": "", "tissue": "PBMC"}	{"cdr3": "CAASFIIQGAQKLVF", "cdr3_old": "CAASFIIQGAQKLVF", "fixNeeded": false, "good": true, "jCanonical": true, "jFixType": "NoFixNeeded", "jId": "TRAJ54*01", "jStart": 6, "vCanonical": true, "vEnd": 4, "vFixType": "NoFixNeeded", "vId": "TRAV13-1*01"}	3
1097	TRA	CAGPGGSSNTGKLIF	TRAV35*01	TRAJ37*01	HomoSapiens	HLA-A*02	B2M	MHCI	GILGFVFTL	M	InfluenzaA	PMID:28423320	{"frequency": "", "identification": "antigen-loaded-targets,dextramer-sort", "sequencing": "amplicon-seq", "singlecell": "yes", "verification": "direct"}	{"cell.subset": "CD8+", "clone.id": "", "donor.MHC": "", "donor.MHC.method": "", "epitope.id": "20354", "replica.id": "", "samples.found": 1, "structure.id": "56I", "studies.found": 1, "study.id": "", "subject.cohort": "", "subject.id": "", "tissue": "PBMC"}	{"cdr3": "CAGPGGSSNTGKLIF", "cdr3_old": "CAGPGGSSNTGKLIF", "fixNeeded": false, "good": true, "jCanonical": true, "jFixType": "NoFixNeeded", "jId": "TRAJ37*01", "jStart": 8, "vCanonical": true, "vEnd": 3, "vFixType": "NoFixNeeded", "vId": "TRAV35*01"}	3
